Team_ID,Rk,Stage,Squad,MP,W,D,L,GF,GA,GD,Pts,Year,Is_Winner
22,1,W,pt Porto,13.0,7.0,6.0,1.0,20.0,12.0,8.0,27.0,2004,1
9,2,F,fr Monaco,13.0,6.0,4.0,4.0,27.0,19.0,8.0,22.0,2004,0
25,3,SF,eng Chelsea,14.0,8.0,4.0,2.0,21.0,10.0,11.0,28.0,2004,0
10,4,SF,es La Coruña,14.0,7.0,3.0,4.0,20.0,17.0,3.0,24.0,2004,0
21,5,QF,es Real Madrid,10.0,6.0,3.0,1.0,18.0,11.0,7.0,21.0,2004,0
5,6,QF,eng Arsenal,10.0,5.0,2.0,3.0,16.0,11.0,5.0,17.0,2004,0
29,7,QF,it Milan,10.0,5.0,2.0,3.0,12.0,9.0,3.0,17.0,2004,0
1,8,QF,fr Lyon,10.0,5.0,2.0,3.0,11.0,11.0,0.0,17.0,2004,0
17,9,R16,eng Manchester Utd,8.0,5.0,1.0,2.0,15.0,5.0,10.0,16.0,2004,0
6,10,R16,ru Loko Moscow,10.0,4.0,2.0,4.0,12.0,11.0,1.0,14.0,2004,0
13,11,R16,it Juventus,8.0,4.0,1.0,3.0,15.0,8.0,7.0,13.0,2004,0
18,12,R16,de Stuttgart,8.0,4.0,1.0,3.0,9.0,7.0,2.0,13.0,2004,0
26,13,R16,cz Sparta Prague,10.0,3.0,4.0,3.0,11.0,13.0,-2.0,13.0,2004,0
30,14,R16,es Celta Vigo,10.0,3.0,3.0,4.0,12.0,13.0,-1.0,12.0,2004,0
2,15,R16,de Bayern Munich,8.0,2.0,4.0,2.0,7.0,7.0,0.0,10.0,2004,0
14,16,R16,es Real Sociedad,8.0,2.0,3.0,3.0,8.0,10.0,-2.0,9.0,2004,0
3,17,GR,sct Celtic,10.0,6.0,1.0,3.0,18.0,7.0,11.0,19.0,2004,0
4,18,GR,be Anderlecht,10.0,5.0,2.0,3.0,11.0,9.0,2.0,17.0,2004,0
8,19,GR,ua Dynamo Kyiv,8.0,4.0,1.0,3.0,13.0,9.0,4.0,13.0,2004,0
15,20,GR,tr Galatasaray,8.0,4.0,1.0,3.0,12.0,8.0,4.0,13.0,2004,0
28,21,GR,it Lazio,8.0,3.0,2.0,3.0,10.0,11.0,-1.0,11.0,2004,0
31,22,GR,be Club Brugge,8.0,3.0,2.0,3.0,8.0,9.0,-1.0,11.0,2004,0
11,23,GR,nl PSV Eindhoven,6.0,3.0,1.0,2.0,8.0,7.0,1.0,10.0,2004,0
32,24,GR,nl Ajax,8.0,3.0,1.0,4.0,9.0,9.0,0.0,10.0,2004,0
23,25,GR,fr Marseille,8.0,2.0,2.0,4.0,10.0,11.0,-1.0,8.0,2004,0
7,26,GR,it Inter,6.0,2.0,2.0,2.0,8.0,11.0,-3.0,8.0,2004,0
24,27,GR,rs Partizan,10.0,1.0,5.0,4.0,7.0,12.0,-5.0,8.0,2004,0
20,28,GR,sct Rangers,8.0,2.0,2.0,4.0,7.0,12.0,-5.0,8.0,2004,0
27,29,GR,tr Beşiktaş,6.0,2.0,1.0,3.0,5.0,7.0,-2.0,7.0,2004,0
12,30,GR,gr AEK Athens,8.0,1.0,2.0,5.0,4.0,13.0,-9.0,5.0,2004,0
16,31,GR,gr Olympiacos,6.0,1.0,1.0,4.0,6.0,13.0,-7.0,4.0,2004,0
19,32,GR,gr Panathinaikos,6.0,1.0,1.0,4.0,5.0,13.0,-8.0,4.0,2004,0
33,1,W,eng Liverpool,15.0,8.0,5.0,3.0,20.0,10.0,10.0,29.0,2005,1
29,2,F,it Milan,13.0,9.0,3.0,2.0,23.0,9.0,14.0,30.0,2005,0
11,3,SF,nl PSV Eindhoven,14.0,7.0,3.0,4.0,21.0,15.0,6.0,24.0,2005,0
25,4,SF,eng Chelsea,12.0,6.0,2.0,4.0,21.0,13.0,8.0,20.0,2005,0
13,5,QF,it Juventus,12.0,7.0,3.0,2.0,15.0,7.0,8.0,24.0,2005,0
7,6,QF,it Inter,12.0,6.0,4.0,2.0,23.0,12.0,11.0,22.0,2005,0
1,7,QF,fr Lyon,10.0,6.0,3.0,1.0,29.0,12.0,17.0,21.0,2005,0
2,8,QF,de Bayern Munich,10.0,5.0,1.0,4.0,20.0,13.0,7.0,16.0,2005,0
21,9,R16,es Real Madrid,10.0,6.0,2.0,2.0,17.0,11.0,6.0,20.0,2005,0
9,10,R16,fr Monaco,10.0,6.0,0.0,4.0,19.0,7.0,12.0,18.0,2005,0
17,11,R16,eng Manchester Utd,10.0,5.0,2.0,3.0,19.0,12.0,7.0,17.0,2005,0
34,12,R16,de Leverkusen,10.0,4.0,2.0,4.0,21.0,15.0,6.0,14.0,2005,0
5,13,R16,eng Arsenal,8.0,3.0,4.0,1.0,13.0,9.0,4.0,13.0,2005,0
39,14,R16,es Barcelona,8.0,4.0,1.0,3.0,13.0,11.0,2.0,13.0,2005,0
41,15,R16,de Werder Bremen,8.0,4.0,1.0,3.0,14.0,16.0,-2.0,13.0,2005,0
22,16,R16,pt Porto,8.0,2.0,3.0,3.0,6.0,10.0,-4.0,9.0,2005,0
40,17,GR,ua Shakhtar,10.0,5.0,1.0,4.0,15.0,13.0,2.0,16.0,2005,0
43,18,GR,ru CSKA Moscow,10.0,4.0,3.0,3.0,10.0,7.0,3.0,15.0,2005,0
38,19,GR,no Rosenborg,10.0,4.0,2.0,4.0,15.0,17.0,-2.0,14.0,2005,0
36,20,GR,il Maccabi Tel Aviv,10.0,4.0,2.0,4.0,9.0,12.0,-3.0,14.0,2005,0
8,21,GR,ua Dynamo Kyiv,8.0,4.0,1.0,3.0,14.0,10.0,4.0,13.0,2005,0
16,22,GR,gr Olympiacos,6.0,3.0,1.0,2.0,5.0,5.0,0.0,10.0,2005,0
19,23,GR,gr Panathinaikos,6.0,2.0,3.0,1.0,11.0,8.0,3.0,9.0,2005,0
37,24,GR,tr Fenerbahçe,6.0,3.0,0.0,3.0,10.0,13.0,-3.0,9.0,2005,0
26,25,GR,cz Sparta Prague,10.0,2.0,2.0,6.0,8.0,17.0,-9.0,8.0,2005,0
42,26,GR,es Valencia,6.0,2.0,1.0,3.0,6.0,10.0,-4.0,7.0,2005,0
10,27,GR,es La Coruña,8.0,1.0,3.0,4.0,3.0,9.0,-6.0,6.0,2005,0
44,28,GR,fr Paris S-G,6.0,1.0,2.0,3.0,3.0,8.0,-5.0,5.0,2005,0
3,29,GR,sct Celtic,6.0,1.0,2.0,3.0,4.0,10.0,-6.0,5.0,2005,0
32,30,GR,nl Ajax,6.0,1.0,1.0,4.0,6.0,10.0,-4.0,4.0,2005,0
4,31,GR,be Anderlecht,8.0,1.0,0.0,7.0,7.0,18.0,-11.0,3.0,2005,0
35,32,GR,it Roma,6.0,0.0,1.0,5.0,4.0,16.0,-12.0,1.0,2005,0
39,1,W,es Barcelona,13.0,9.0,5.0,0.0,24.0,5.0,19.0,32.0,2006,1
5,2,F,eng Arsenal,13.0,8.0,5.0,1.0,15.0,4.0,11.0,29.0,2006,0
48,3,SF,es Villarreal,14.0,5.0,7.0,2.0,12.0,9.0,3.0,22.0,2006,0
29,4,SF,it Milan,12.0,5.0,5.0,2.0,20.0,10.0,10.0,20.0,2006,0
7,5,QF,it Inter,12.0,7.0,3.0,2.0,17.0,9.0,8.0,24.0,2006,0
1,6,QF,fr Lyon,10.0,7.0,2.0,1.0,19.0,7.0,12.0,23.0,2006,0
13,7,QF,it Juventus,10.0,6.0,1.0,3.0,16.0,11.0,5.0,19.0,2006,0
49,8,QF,pt Benfica,10.0,4.0,3.0,3.0,8.0,7.0,1.0,15.0,2006,0
33,9,R16,eng Liverpool,14.0,8.0,3.0,3.0,20.0,7.0,13.0,27.0,2006,0
32,10,R16,nl Ajax,10.0,4.0,4.0,2.0,17.0,12.0,5.0,16.0,2006,0
20,11,R16,sct Rangers,10.0,3.0,6.0,1.0,14.0,11.0,3.0,15.0,2006,0
2,12,R16,de Bayern Munich,8.0,4.0,2.0,2.0,12.0,9.0,3.0,14.0,2006,0
41,13,R16,de Werder Bremen,10.0,4.0,1.0,5.0,20.0,18.0,2.0,13.0,2006,0
25,14,R16,eng Chelsea,8.0,3.0,3.0,2.0,9.0,4.0,5.0,12.0,2006,0
21,15,R16,es Real Madrid,8.0,3.0,2.0,3.0,10.0,9.0,1.0,11.0,2006,0
11,16,R16,nl PSV Eindhoven,8.0,3.0,1.0,4.0,4.0,11.0,-7.0,10.0,2006,0
46,17,GR,ch Thun,10.0,4.0,2.0,4.0,11.0,11.0,0.0,14.0,2006,0
53,18,GR,sk Artmedia,12.0,3.0,5.0,4.0,14.0,16.0,-2.0,14.0,2006,0
47,19,GR,it Udinese,8.0,4.0,1.0,3.0,14.0,14.0,0.0,13.0,2006,0
17,20,GR,eng Manchester Utd,8.0,3.0,3.0,2.0,9.0,4.0,5.0,12.0,2006,0
4,21,GR,be Anderlecht,10.0,4.0,0.0,6.0,10.0,10.0,0.0,12.0,2006,0
52,22,GR,es Betis,8.0,3.0,2.0,3.0,6.0,9.0,-3.0,11.0,2006,0
31,23,GR,be Club Brugge,8.0,3.0,1.0,4.0,7.0,8.0,-1.0,10.0,2006,0
45,24,GR,at Rapid Wien,10.0,3.0,1.0,6.0,14.0,19.0,-5.0,10.0,2006,0
51,25,GR,de Schalke 04,6.0,2.0,2.0,2.0,12.0,9.0,3.0,8.0,2006,0
38,26,GR,no Rosenborg,8.0,2.0,2.0,4.0,10.0,14.0,-4.0,8.0,2006,0
19,27,GR,gr Panathinaikos,8.0,2.0,1.0,5.0,9.0,20.0,-11.0,7.0,2006,0
50,28,GR,fr Lille,6.0,1.0,3.0,2.0,1.0,2.0,-1.0,6.0,2006,0
22,29,GR,pt Porto,6.0,1.0,2.0,3.0,8.0,9.0,-1.0,5.0,2006,0
16,30,GR,gr Olympiacos,6.0,1.0,1.0,4.0,7.0,13.0,-6.0,4.0,2006,0
37,31,GR,tr Fenerbahçe,6.0,1.0,1.0,4.0,7.0,14.0,-7.0,4.0,2006,0
26,32,GR,cz Sparta Prague,6.0,0.0,2.0,4.0,2.0,9.0,-7.0,2.0,2006,0
29,1,W,it Milan,15.0,9.0,4.0,3.0,23.0,11.0,12.0,31.0,2007,1
33,2,F,eng Liverpool,15.0,9.0,3.0,4.0,22.0,12.0,10.0,30.0,2007,0
17,3,SF,eng Manchester Utd,12.0,8.0,0.0,4.0,23.0,13.0,10.0,24.0,2007,0
25,4,SF,eng Chelsea,12.0,7.0,3.0,2.0,17.0,9.0,8.0,24.0,2007,0
42,5,QF,es Valencia,12.0,5.0,4.0,3.0,19.0,12.0,7.0,19.0,2007,0
35,6,QF,it Roma,10.0,5.0,2.0,3.0,13.0,12.0,1.0,17.0,2007,0
2,7,QF,de Bayern Munich,10.0,4.0,4.0,2.0,16.0,11.0,5.0,16.0,2007,0
11,8,QF,nl PSV Eindhoven,10.0,4.0,2.0,4.0,8.0,11.0,-3.0,14.0,2007,0
5,9,R16,eng Arsenal,10.0,5.0,3.0,2.0,13.0,6.0,7.0,18.0,2007,0
1,10,R16,fr Lyon,8.0,4.0,3.0,1.0,12.0,5.0,7.0,15.0,2007,0
50,11,R16,fr Lille,10.0,4.0,3.0,3.0,12.0,7.0,5.0,15.0,2007,0
39,12,R16,es Barcelona,8.0,4.0,2.0,2.0,14.0,6.0,8.0,14.0,2007,0
21,13,R16,es Real Madrid,8.0,4.0,2.0,2.0,18.0,12.0,6.0,14.0,2007,0
22,14,R16,pt Porto,8.0,3.0,3.0,2.0,11.0,7.0,4.0,12.0,2007,0
7,15,R16,it Inter,8.0,3.0,3.0,2.0,7.0,7.0,0.0,12.0,2007,0
3,16,R16,sct Celtic,8.0,3.0,1.0,4.0,8.0,10.0,-2.0,10.0,2007,0
58,17,GR,ro Steaua,10.0,4.0,3.0,3.0,16.0,14.0,2.0,15.0,2007,0
43,18,GR,ru CSKA Moscow,8.0,4.0,2.0,2.0,9.0,5.0,4.0,14.0,2007,0
12,19,GR,gr AEK Athens,8.0,4.0,2.0,2.0,11.0,10.0,1.0,14.0,2007,0
59,20,GR,dk FC Copenhagen,10.0,4.0,2.0,4.0,12.0,12.0,0.0,14.0,2007,0
8,21,GR,ua Dynamo Kyiv,10.0,3.0,3.0,4.0,18.0,20.0,-2.0,12.0,2007,0
40,22,GR,ua Shakhtar,8.0,3.0,3.0,2.0,10.0,13.0,-3.0,12.0,2007,0
49,23,GR,pt Benfica,8.0,3.0,2.0,3.0,11.0,9.0,2.0,11.0,2007,0
55,24,GR,ru Spartak Moscow,10.0,2.0,5.0,3.0,10.0,13.0,-3.0,11.0,2007,0
41,25,GR,de Werder Bremen,6.0,3.0,1.0,2.0,7.0,5.0,2.0,10.0,2007,0
54,26,GR,bg Levski Sofia,10.0,3.0,1.0,6.0,9.0,19.0,-10.0,10.0,2007,0
15,27,GR,tr Galatasaray,8.0,2.0,2.0,4.0,13.0,15.0,-2.0,8.0,2007,0
57,28,GR,fr Bordeaux,6.0,2.0,1.0,3.0,6.0,7.0,-1.0,7.0,2007,0
56,29,GR,pt Sporting CP,6.0,1.0,2.0,3.0,3.0,6.0,-3.0,5.0,2007,0
60,30,GR,de Hamburger SV,8.0,1.0,2.0,5.0,8.0,16.0,-8.0,5.0,2007,0
4,31,GR,be Anderlecht,6.0,0.0,4.0,2.0,7.0,11.0,-4.0,4.0,2007,0
16,32,GR,gr Olympiacos,6.0,0.0,3.0,3.0,6.0,11.0,-5.0,3.0,2007,0
17,1,W,eng Manchester Utd,13.0,9.0,5.0,0.0,20.0,6.0,14.0,32.0,2008,1
25,2,F,eng Chelsea,13.0,6.0,7.0,1.0,20.0,8.0,12.0,25.0,2008,0
33,3,SF,eng Liverpool,14.0,8.0,3.0,3.0,34.0,12.0,22.0,27.0,2008,0
39,4,SF,es Barcelona,12.0,8.0,3.0,1.0,18.0,6.0,12.0,27.0,2008,0
5,5,QF,eng Arsenal,12.0,7.0,3.0,2.0,24.0,9.0,15.0,24.0,2008,0
37,6,QF,tr Fenerbahçe,12.0,7.0,2.0,3.0,18.0,14.0,4.0,23.0,2008,0
35,7,QF,it Roma,10.0,5.0,2.0,3.0,15.0,11.0,4.0,17.0,2008,0
51,8,QF,de Schalke 04,10.0,3.0,2.0,5.0,6.0,7.0,-1.0,11.0,2008,0
61,9,R16,es Sevilla,10.0,8.0,0.0,2.0,25.0,13.0,12.0,24.0,2008,0
7,10,R16,it Inter,8.0,5.0,0.0,3.0,12.0,7.0,5.0,15.0,2008,0
29,11,R16,it Milan,8.0,4.0,2.0,2.0,12.0,7.0,5.0,14.0,2008,0
22,12,R16,pt Porto,8.0,4.0,2.0,2.0,9.0,8.0,1.0,14.0,2008,0
16,13,R16,gr Olympiacos,8.0,3.0,3.0,2.0,11.0,10.0,1.0,12.0,2008,0
21,14,R16,es Real Madrid,8.0,3.0,2.0,3.0,15.0,13.0,2.0,11.0,2008,0
1,15,R16,fr Lyon,8.0,3.0,2.0,3.0,12.0,12.0,0.0,11.0,2008,0
3,16,R16,sct Celtic,10.0,3.0,2.0,5.0,9.0,12.0,-3.0,11.0,2008,0
38,17,GR,no Rosenborg,10.0,6.0,1.0,3.0,21.0,12.0,9.0,19.0,2008,0
20,18,GR,sct Rangers,10.0,5.0,2.0,3.0,11.0,9.0,2.0,17.0,2008,0
27,19,GR,tr Beşiktaş,10.0,5.0,1.0,4.0,11.0,16.0,-5.0,16.0,2008,0
40,20,GR,ua Shakhtar,10.0,5.0,0.0,5.0,13.0,14.0,-1.0,15.0,2008,0
49,21,GR,pt Benfica,8.0,4.0,1.0,3.0,8.0,7.0,1.0,13.0,2008,0
62,22,GR,cz Slavia Prague,10.0,3.0,4.0,3.0,8.0,17.0,-9.0,13.0,2008,0
41,23,GR,de Werder Bremen,8.0,4.0,0.0,4.0,13.0,16.0,-3.0,12.0,2008,0
42,24,GR,es Valencia,8.0,3.0,2.0,3.0,7.0,7.0,0.0,11.0,2008,0
58,25,GR,ro Steaua,10.0,3.0,2.0,5.0,11.0,13.0,-2.0,11.0,2008,0
28,26,GR,it Lazio,8.0,2.0,3.0,3.0,12.0,13.0,-1.0,9.0,2008,0
56,27,GR,pt Sporting CP,6.0,2.0,1.0,3.0,9.0,8.0,1.0,7.0,2008,0
23,28,GR,fr Marseille,6.0,2.0,1.0,3.0,6.0,9.0,-3.0,7.0,2008,0
11,29,GR,nl PSV Eindhoven,6.0,2.0,1.0,3.0,3.0,6.0,-3.0,7.0,2008,0
8,30,GR,ua Dynamo Kyiv,8.0,2.0,0.0,6.0,8.0,19.0,-11.0,6.0,2008,0
18,31,GR,de Stuttgart,6.0,1.0,0.0,5.0,7.0,15.0,-8.0,3.0,2008,0
43,32,GR,ru CSKA Moscow,6.0,0.0,1.0,5.0,7.0,14.0,-7.0,1.0,2008,0
39,1,W,es Barcelona,15.0,8.0,6.0,2.0,36.0,14.0,22.0,30.0,2009,1
17,2,F,eng Manchester Utd,13.0,6.0,7.0,1.0,18.0,8.0,10.0,25.0,2009,0
5,3,SF,eng Arsenal,14.0,7.0,3.0,4.0,23.0,11.0,12.0,24.0,2009,0
25,4,SF,eng Chelsea,12.0,5.0,6.0,1.0,20.0,13.0,7.0,21.0,2009,0
33,5,QF,eng Liverpool,12.0,7.0,4.0,1.0,22.0,12.0,10.0,25.0,2009,0
2,6,QF,de Bayern Munich,10.0,6.0,3.0,1.0,25.0,10.0,15.0,21.0,2009,0
22,7,QF,pt Porto,10.0,4.0,3.0,3.0,13.0,13.0,0.0,15.0,2009,0
48,8,QF,es Villarreal,10.0,3.0,5.0,2.0,13.0,13.0,0.0,14.0,2009,0
19,9,R16,gr Panathinaikos,12.0,6.0,3.0,3.0,16.0,11.0,5.0,21.0,2009,0
66,10,R16,es Atlético Madrid,10.0,4.0,5.0,1.0,15.0,7.0,8.0,17.0,2009,0
13,11,R16,it Juventus,10.0,4.0,5.0,1.0,14.0,7.0,7.0,17.0,2009,0
35,12,R16,it Roma,8.0,5.0,0.0,3.0,13.0,7.0,6.0,15.0,2009,0
1,13,R16,fr Lyon,8.0,3.0,3.0,2.0,17.0,16.0,1.0,12.0,2009,0
21,14,R16,es Real Madrid,8.0,4.0,0.0,4.0,9.0,10.0,-1.0,12.0,2009,0
56,15,R16,pt Sporting CP,8.0,4.0,0.0,4.0,9.0,20.0,-11.0,12.0,2009,0
7,16,R16,it Inter,8.0,2.0,3.0,3.0,8.0,9.0,-1.0,9.0,2009,0
8,17,GR,ua Dynamo Kyiv,10.0,5.0,3.0,2.0,16.0,9.0,7.0,18.0,2009,0
64,18,GR,cy Anorthosis,12.0,5.0,3.0,4.0,18.0,12.0,6.0,18.0,2009,0
67,19,GR,dk Aalborg,10.0,5.0,3.0,2.0,20.0,15.0,5.0,18.0,2009,0
70,20,GR,by BATE Borisov,12.0,4.0,5.0,3.0,12.0,12.0,0.0,17.0,2009,0
40,21,GR,ua Shakhtar,8.0,5.0,0.0,3.0,16.0,8.0,8.0,15.0,2009,0
37,22,GR,tr Fenerbahçe,10.0,3.0,3.0,4.0,15.0,14.0,1.0,12.0,2009,0
23,23,GR,fr Marseille,8.0,3.0,1.0,4.0,8.0,8.0,0.0,10.0,2009,0
68,24,GR,it Fiorentina,8.0,2.0,4.0,2.0,7.0,8.0,-1.0,10.0,2009,0
65,25,GR,ch Basel,10.0,2.0,3.0,5.0,9.0,20.0,-11.0,9.0,2009,0
41,26,GR,de Werder Bremen,6.0,1.0,4.0,1.0,7.0,9.0,-2.0,7.0,2009,0
57,27,GR,fr Bordeaux,6.0,2.0,1.0,3.0,5.0,11.0,-6.0,7.0,2009,0
3,28,GR,sct Celtic,6.0,1.0,2.0,3.0,4.0,7.0,-3.0,5.0,2009,0
69,29,GR,ru Zenit,6.0,1.0,2.0,3.0,4.0,7.0,-3.0,5.0,2009,0
58,30,GR,ro Steaua,8.0,1.0,2.0,5.0,6.0,14.0,-8.0,5.0,2009,0
63,31,GR,ro CFR Cluj,6.0,1.0,1.0,4.0,5.0,9.0,-4.0,4.0,2009,0
11,32,GR,nl PSV Eindhoven,6.0,1.0,0.0,5.0,5.0,14.0,-9.0,3.0,2009,0
7,1,W,it Inter,13.0,8.0,3.0,2.0,17.0,9.0,8.0,27.0,2010,1
2,2,F,de Bayern Munich,13.0,7.0,1.0,5.0,21.0,15.0,6.0,22.0,2010,0
1,3,SF,fr Lyon,14.0,8.0,3.0,3.0,25.0,12.0,13.0,27.0,2010,0
39,4,SF,es Barcelona,12.0,3.0,7.0,2.0,20.0,10.0,10.0,16.0,2010,0
57,5,QF,fr Bordeaux,10.0,6.0,3.0,1.0,14.0,6.0,8.0,21.0,2010,0
5,6,QF,eng Arsenal,12.0,5.0,4.0,3.0,26.0,14.0,12.0,19.0,2010,0
17,7,QF,eng Manchester Utd,10.0,5.0,3.0,2.0,21.0,12.0,9.0,18.0,2010,0
43,8,QF,ru CSKA Moscow,10.0,4.0,3.0,3.0,13.0,14.0,-1.0,15.0,2010,0
68,9,R16,it Fiorentina,10.0,5.0,3.0,2.0,21.0,14.0,7.0,18.0,2010,0
16,10,R16,gr Olympiacos,12.0,5.0,3.0,4.0,12.0,8.0,4.0,18.0,2010,0
61,11,R16,es Sevilla,8.0,4.0,3.0,1.0,13.0,7.0,6.0,15.0,2010,0
25,12,R16,eng Chelsea,8.0,4.0,3.0,1.0,12.0,7.0,5.0,15.0,2010,0
22,13,R16,pt Porto,8.0,5.0,0.0,3.0,10.0,9.0,1.0,15.0,2010,0
21,14,R16,es Real Madrid,8.0,4.0,2.0,2.0,16.0,9.0,7.0,14.0,2010,0
18,15,R16,de Stuttgart,10.0,3.0,5.0,2.0,12.0,12.0,0.0,14.0,2010,0
29,16,R16,it Milan,8.0,2.0,3.0,3.0,10.0,14.0,-4.0,9.0,2010,0
71,17,GR,il Maccabi Haifa,12.0,3.0,3.0,6.0,19.0,12.0,7.0,12.0,2010,0
74,18,GR,cy APOEL FC,12.0,2.0,5.0,5.0,14.0,10.0,4.0,11.0,2010,0
73,19,GR,ch Zürich,10.0,3.0,2.0,5.0,15.0,18.0,-3.0,11.0,2010,0
75,20,GR,hu Debrecen,12.0,3.0,2.0,7.0,14.0,23.0,-9.0,11.0,2010,0
77,21,GR,ro Unirea Urziceni,6.0,2.0,2.0,2.0,8.0,8.0,0.0,8.0,2010,0
13,22,GR,it Juventus,6.0,2.0,2.0,2.0,4.0,7.0,-3.0,8.0,2010,0
72,23,GR,de Wolfsburg,6.0,2.0,1.0,3.0,9.0,8.0,1.0,7.0,2010,0
23,24,GR,fr Marseille,6.0,2.0,1.0,3.0,10.0,10.0,0.0,7.0,2010,0
33,25,GR,eng Liverpool,6.0,2.0,1.0,3.0,5.0,7.0,-2.0,7.0,2010,0
66,26,GR,es Atlético Madrid,8.0,1.0,4.0,3.0,8.0,14.0,-6.0,7.0,2010,0
76,27,GR,ru Rubin Kazan,6.0,1.0,3.0,2.0,4.0,7.0,-3.0,6.0,2010,0
8,28,GR,ua Dynamo Kyiv,6.0,1.0,2.0,3.0,7.0,9.0,-2.0,5.0,2010,0
78,29,GR,be Standard Liège,6.0,1.0,2.0,3.0,7.0,9.0,-2.0,5.0,2010,0
79,30,GR,nl AZ Alkmaar,6.0,0.0,4.0,2.0,4.0,8.0,-4.0,4.0,2010,0
27,31,GR,tr Beşiktaş,6.0,1.0,1.0,4.0,3.0,8.0,-5.0,4.0,2010,0
20,32,GR,sct Rangers,6.0,0.0,2.0,4.0,4.0,13.0,-9.0,2.0,2010,0
39,1,W,es Barcelona,13.0,8.0,4.0,1.0,30.0,9.0,21.0,28.0,2011,1
17,2,F,eng Manchester Utd,13.0,6.0,6.0,1.0,19.0,7.0,12.0,24.0,2011,0
21,3,SF,es Real Madrid,12.0,7.0,4.0,1.0,25.0,6.0,19.0,25.0,2011,0
51,4,SF,de Schalke 04,12.0,5.0,4.0,3.0,22.0,14.0,8.0,19.0,2011,0
40,5,QF,ua Shakhtar,10.0,6.0,2.0,2.0,19.0,14.0,5.0,20.0,2011,0
25,6,QF,eng Chelsea,10.0,6.0,1.0,3.0,17.0,7.0,10.0,19.0,2011,0
80,7,QF,eng Tottenham,12.0,4.0,5.0,3.0,25.0,19.0,6.0,17.0,2011,0
7,8,QF,it Inter,10.0,4.0,1.0,5.0,18.0,21.0,-3.0,13.0,2011,0
2,9,R16,de Bayern Munich,8.0,6.0,1.0,1.0,19.0,9.0,10.0,19.0,2011,0
5,10,R16,eng Arsenal,8.0,5.0,0.0,3.0,21.0,11.0,10.0,15.0,2011,0
59,11,R16,dk FC Copenhagen,12.0,3.0,5.0,4.0,12.0,11.0,1.0,14.0,2011,0
23,12,R16,fr Marseille,8.0,4.0,1.0,3.0,13.0,5.0,8.0,13.0,2011,0
42,13,R16,es Valencia,8.0,3.0,3.0,2.0,17.0,8.0,9.0,12.0,2011,0
1,14,R16,fr Lyon,8.0,3.0,2.0,3.0,12.0,14.0,-2.0,11.0,2011,0
35,15,R16,it Roma,8.0,3.0,1.0,4.0,12.0,17.0,-5.0,10.0,2011,0
29,16,R16,it Milan,8.0,2.0,3.0,3.0,7.0,8.0,-1.0,9.0,2011,0
86,17,GR,pt Braga,10.0,6.0,0.0,4.0,14.0,16.0,-2.0,18.0,2011,0
82,18,GR,il Hapoel Tel Aviv,12.0,4.0,4.0,4.0,20.0,15.0,5.0,16.0,2011,0
65,19,GR,ch Basel,10.0,5.0,1.0,4.0,17.0,12.0,5.0,16.0,2011,0
24,20,GR,rs Partizan,12.0,4.0,2.0,6.0,15.0,19.0,-4.0,14.0,2011,0
32,21,GR,nl Ajax,10.0,2.0,5.0,3.0,13.0,16.0,-3.0,11.0,2011,0
55,22,GR,ru Spartak Moscow,6.0,3.0,0.0,3.0,7.0,10.0,-3.0,9.0,2011,0
41,23,GR,de Werder Bremen,8.0,2.0,2.0,4.0,11.0,16.0,-5.0,8.0,2011,0
84,24,GR,sk MŠK Žilina,12.0,1.0,4.0,7.0,13.0,22.0,-9.0,7.0,2011,0
81,25,GR,nl Twente,6.0,1.0,3.0,2.0,9.0,11.0,-2.0,6.0,2011,0
76,26,GR,ru Rubin Kazan,6.0,1.0,3.0,2.0,2.0,4.0,-2.0,6.0,2011,0
20,27,GR,sct Rangers,6.0,1.0,3.0,2.0,3.0,6.0,-3.0,6.0,2011,0
49,28,GR,pt Benfica,6.0,2.0,0.0,4.0,7.0,12.0,-5.0,6.0,2011,0
63,29,GR,ro CFR Cluj,6.0,1.0,1.0,4.0,6.0,12.0,-6.0,4.0,2011,0
85,30,GR,fr Auxerre,8.0,1.0,1.0,6.0,5.0,13.0,-8.0,4.0,2011,0
19,31,GR,gr Panathinaikos,6.0,0.0,2.0,4.0,2.0,13.0,-11.0,2.0,2011,0
83,32,GR,tr Bursaspor,6.0,0.0,1.0,5.0,2.0,16.0,-14.0,1.0,2011,0
25,1,W,eng Chelsea,13.0,5.0,6.0,2.0,25.0,12.0,13.0,21.0,2012,1
2,2,F,de Bayern Munich,15.0,8.0,4.0,3.0,29.0,11.0,18.0,28.0,2012,0
21,3,SF,es Real Madrid,12.0,7.0,4.0,1.0,35.0,9.0,26.0,25.0,2012,0
39,4,SF,es Barcelona,12.0,6.0,5.0,1.0,35.0,10.0,25.0,23.0,2012,0
49,5,QF,pt Benfica,14.0,4.0,7.0,3.0,21.0,14.0,7.0,19.0,2012,0
74,6,QF,cy APOEL FC,16.0,4.0,7.0,5.0,20.0,17.0,3.0,19.0,2012,0
29,7,QF,it Milan,10.0,3.0,4.0,3.0,16.0,14.0,2.0,13.0,2012,0
23,8,QF,fr Marseille,10.0,4.0,1.0,5.0,9.0,10.0,-1.0,13.0,2012,0
5,9,R16,eng Arsenal,10.0,5.0,3.0,2.0,13.0,11.0,2.0,18.0,2012,0
1,10,R16,fr Lyon,10.0,4.0,3.0,3.0,14.0,10.0,4.0,15.0,2012,0
87,11,R16,it Napoli,8.0,4.0,2.0,2.0,14.0,11.0,3.0,14.0,2012,0
65,12,R16,ch Basel,8.0,4.0,2.0,2.0,12.0,17.0,-5.0,14.0,2012,0
69,13,R16,ru Zenit,8.0,3.0,3.0,2.0,10.0,9.0,1.0,12.0,2012,0
7,14,R16,it Inter,8.0,3.0,2.0,3.0,10.0,9.0,1.0,11.0,2012,0
34,15,R16,de Leverkusen,8.0,3.0,1.0,4.0,10.0,18.0,-8.0,10.0,2012,0
43,16,R16,ru CSKA Moscow,8.0,2.0,3.0,3.0,11.0,13.0,-2.0,9.0,2012,0
94,17,GR,cz Viktoria Plzeň,12.0,4.0,5.0,3.0,22.0,16.0,6.0,17.0,2012,0
91,18,GR,hr Dinamo Zagreb,12.0,3.0,2.0,7.0,13.0,26.0,-13.0,11.0,2012,0
88,19,GR,eng Manchester City,6.0,3.0,1.0,2.0,9.0,6.0,3.0,10.0,2012,0
70,20,GR,by BATE Borisov,12.0,1.0,7.0,4.0,11.0,17.0,-6.0,10.0,2012,0
17,21,GR,eng Manchester Utd,6.0,2.0,3.0,1.0,11.0,8.0,3.0,9.0,2012,0
16,22,GR,gr Olympiacos,6.0,3.0,0.0,3.0,8.0,6.0,2.0,9.0,2012,0
42,23,GR,es Valencia,6.0,2.0,2.0,2.0,12.0,7.0,5.0,8.0,2012,0
22,24,GR,pt Porto,6.0,2.0,2.0,2.0,7.0,7.0,0.0,8.0,2012,0
32,25,GR,nl Ajax,6.0,2.0,2.0,2.0,6.0,6.0,0.0,8.0,2012,0
89,26,GR,tr Trabzonspor,8.0,1.0,5.0,2.0,4.0,8.0,-4.0,8.0,2012,0
92,27,GR,be Genk,10.0,1.0,5.0,4.0,8.0,21.0,-13.0,8.0,2012,0
50,28,GR,fr Lille,6.0,1.0,3.0,2.0,6.0,6.0,0.0,6.0,2012,0
40,29,GR,ua Shakhtar,6.0,1.0,2.0,3.0,6.0,8.0,-2.0,5.0,2012,0
93,30,GR,de Dortmund,6.0,1.0,1.0,4.0,6.0,12.0,-6.0,4.0,2012,0
48,31,GR,es Villarreal,8.0,0.0,1.0,7.0,5.0,15.0,-10.0,1.0,2012,0
90,32,GR,ro Oțelul Galați,6.0,0.0,0.0,6.0,3.0,11.0,-8.0,0.0,2012,0
2,1,W,de Bayern Munich,13.0,10.0,2.0,1.0,31.0,11.0,20.0,32.0,2013,1
93,2,F,de Dortmund,13.0,5.0,6.0,2.0,24.0,14.0,10.0,21.0,2013,0
21,3,SF,es Real Madrid,12.0,5.0,4.0,3.0,26.0,18.0,8.0,19.0,2013,0
39,4,SF,es Barcelona,12.0,4.0,5.0,3.0,18.0,17.0,1.0,17.0,2013,0
44,5,QF,fr Paris S-G,10.0,6.0,3.0,1.0,20.0,8.0,12.0,21.0,2013,0
96,6,QF,es Málaga,12.0,4.0,6.0,2.0,18.0,9.0,9.0,18.0,2013,0
13,7,QF,it Juventus,10.0,4.0,5.0,1.0,17.0,8.0,9.0,17.0,2013,0
15,8,QF,tr Galatasaray,10.0,4.0,3.0,3.0,14.0,14.0,0.0,15.0,2013,0
3,9,R16,sct Celtic,12.0,6.0,2.0,4.0,17.0,14.0,3.0,20.0,2013,0
22,10,R16,pt Porto,8.0,5.0,1.0,2.0,11.0,6.0,5.0,16.0,2013,0
42,11,R16,es Valencia,8.0,4.0,2.0,2.0,14.0,8.0,6.0,14.0,2013,0
51,12,R16,de Schalke 04,8.0,3.0,5.0,0.0,13.0,10.0,3.0,14.0,2013,0
17,13,R16,eng Manchester Utd,8.0,4.0,2.0,2.0,11.0,9.0,2.0,14.0,2013,0
5,14,R16,eng Arsenal,8.0,4.0,1.0,3.0,13.0,11.0,2.0,13.0,2013,0
40,15,R16,ua Shakhtar,8.0,3.0,2.0,3.0,14.0,13.0,1.0,11.0,2013,0
29,16,R16,it Milan,8.0,3.0,2.0,3.0,9.0,10.0,-1.0,11.0,2013,0
63,17,GR,ro CFR Cluj,10.0,6.0,2.0,2.0,15.0,9.0,6.0,20.0,2013,0
70,18,GR,by BATE Borisov,12.0,5.0,3.0,4.0,18.0,19.0,-1.0,18.0,2013,0
8,19,GR,ua Dynamo Kyiv,10.0,4.0,3.0,3.0,13.0,14.0,-1.0,15.0,2013,0
91,20,GR,hr Dinamo Zagreb,12.0,3.0,4.0,5.0,13.0,18.0,-5.0,13.0,2013,0
4,21,GR,be Anderlecht,10.0,3.0,3.0,4.0,18.0,11.0,7.0,12.0,2013,0
25,22,GR,eng Chelsea,6.0,3.0,1.0,2.0,16.0,10.0,6.0,10.0,2013,0
16,23,GR,gr Olympiacos,6.0,3.0,0.0,3.0,9.0,9.0,0.0,9.0,2013,0
49,24,GR,pt Benfica,6.0,2.0,2.0,2.0,5.0,5.0,0.0,8.0,2013,0
69,25,GR,ru Zenit,6.0,2.0,1.0,3.0,6.0,9.0,-3.0,7.0,2013,0
55,26,GR,ru Spartak Moscow,8.0,2.0,1.0,5.0,10.0,16.0,-6.0,7.0,2013,0
86,27,GR,pt Braga,8.0,1.0,2.0,5.0,9.0,15.0,-6.0,5.0,2013,0
32,28,GR,nl Ajax,6.0,1.0,1.0,4.0,8.0,16.0,-8.0,4.0,2013,0
50,29,GR,fr Lille,8.0,1.0,1.0,6.0,6.0,14.0,-8.0,4.0,2013,0
88,30,GR,eng Manchester City,6.0,0.0,3.0,3.0,7.0,11.0,-4.0,3.0,2013,0
95,31,GR,fr Montpellier,6.0,0.0,2.0,4.0,6.0,12.0,-6.0,2.0,2013,0
97,32,GR,dk Nordsjælland,6.0,0.0,1.0,5.0,4.0,22.0,-18.0,1.0,2013,0
21,1,W,es Real Madrid,13.0,10.0,2.0,1.0,41.0,10.0,31.0,32.0,2014,1
66,2,F,es Atlético Madrid,13.0,7.0,5.0,1.0,26.0,10.0,16.0,26.0,2014,0
2,3,SF,de Bayern Munich,12.0,6.0,4.0,2.0,24.0,13.0,11.0,22.0,2014,0
25,4,SF,eng Chelsea,12.0,4.0,5.0,3.0,19.0,10.0,9.0,17.0,2014,0
44,5,QF,fr Paris S-G,10.0,6.0,2.0,2.0,25.0,9.0,16.0,20.0,2014,0
39,6,QF,es Barcelona,10.0,5.0,3.0,2.0,21.0,8.0,13.0,18.0,2014,0
17,7,QF,eng Manchester Utd,10.0,5.0,3.0,2.0,17.0,9.0,8.0,18.0,2014,0
93,8,QF,de Dortmund,10.0,5.0,2.0,3.0,18.0,13.0,5.0,17.0,2014,0
69,9,R16,ru Zenit,12.0,4.0,5.0,3.0,23.0,17.0,6.0,17.0,2014,0
5,10,R16,eng Arsenal,10.0,5.0,2.0,3.0,14.0,8.0,6.0,17.0,2014,0
88,11,R16,eng Manchester City,8.0,5.0,0.0,3.0,19.0,14.0,5.0,15.0,2014,0
51,12,R16,de Schalke 04,10.0,4.0,2.0,4.0,12.0,18.0,-6.0,14.0,2014,0
16,13,R16,gr Olympiacos,8.0,4.0,1.0,3.0,12.0,11.0,1.0,13.0,2014,0
29,14,R16,it Milan,10.0,2.0,5.0,3.0,13.0,11.0,2.0,11.0,2014,0
34,15,R16,de Leverkusen,8.0,3.0,1.0,4.0,10.0,16.0,-6.0,10.0,2014,0
15,16,R16,tr Galatasaray,8.0,2.0,2.0,4.0,9.0,17.0,-8.0,8.0,2014,0
94,17,GR,cz Viktoria Plzeň,12.0,6.0,1.0,5.0,26.0,24.0,2.0,19.0,2014,0
65,18,GR,ch Basel,10.0,4.0,4.0,2.0,15.0,11.0,4.0,16.0,2014,0
58,19,GR,ro Steaua,12.0,3.0,6.0,3.0,13.0,15.0,-2.0,15.0,2014,0
98,20,GR,at Austria Wien,10.0,3.0,4.0,3.0,10.0,13.0,-3.0,13.0,2014,0
87,21,GR,it Napoli,6.0,4.0,0.0,2.0,10.0,9.0,1.0,12.0,2014,0
3,22,GR,sct Celtic,12.0,3.0,3.0,6.0,12.0,16.0,-4.0,12.0,2014,0
49,23,GR,pt Benfica,6.0,3.0,1.0,2.0,8.0,8.0,0.0,10.0,2014,0
40,24,GR,ua Shakhtar,6.0,2.0,2.0,2.0,7.0,6.0,1.0,8.0,2014,0
32,25,GR,nl Ajax,6.0,2.0,2.0,2.0,5.0,8.0,-3.0,8.0,2014,0
13,26,GR,it Juventus,6.0,1.0,3.0,2.0,9.0,9.0,0.0,6.0,2014,0
22,27,GR,pt Porto,6.0,1.0,2.0,3.0,4.0,7.0,-3.0,5.0,2014,0
14,28,GR,es Real Sociedad,8.0,1.0,2.0,5.0,5.0,10.0,-5.0,5.0,2014,0
59,29,GR,dk FC Copenhagen,6.0,1.0,1.0,4.0,4.0,13.0,-9.0,4.0,2014,0
43,30,GR,ru CSKA Moscow,6.0,1.0,0.0,5.0,8.0,17.0,-9.0,3.0,2014,0
4,31,GR,be Anderlecht,6.0,0.0,1.0,5.0,4.0,17.0,-13.0,1.0,2014,0
23,32,GR,fr Marseille,6.0,0.0,0.0,6.0,5.0,14.0,-9.0,0.0,2014,0
39,1,W,es Barcelona,13.0,11.0,0.0,2.0,31.0,11.0,20.0,33.0,2015,1
13,2,F,it Juventus,13.0,7.0,3.0,3.0,17.0,10.0,7.0,24.0,2015,0
21,3,SF,es Real Madrid,12.0,8.0,2.0,2.0,24.0,9.0,15.0,26.0,2015,0
2,4,SF,de Bayern Munich,12.0,8.0,1.0,3.0,33.0,13.0,20.0,25.0,2015,0
22,5,QF,pt Porto,12.0,8.0,3.0,1.0,28.0,12.0,16.0,27.0,2015,0
66,6,QF,es Atlético Madrid,10.0,5.0,2.0,3.0,15.0,5.0,10.0,17.0,2015,0
9,7,QF,fr Monaco,10.0,4.0,3.0,3.0,7.0,5.0,2.0,15.0,2015,0
44,8,QF,fr Paris S-G,10.0,4.0,3.0,3.0,14.0,15.0,-1.0,15.0,2015,0
5,9,R16,eng Arsenal,10.0,6.0,2.0,2.0,19.0,11.0,8.0,20.0,2015,0
34,10,R16,de Leverkusen,10.0,6.0,1.0,3.0,15.0,7.0,8.0,19.0,2015,0
25,11,R16,eng Chelsea,8.0,4.0,4.0,0.0,20.0,6.0,14.0,16.0,2015,0
93,12,R16,de Dortmund,8.0,4.0,1.0,3.0,15.0,9.0,6.0,13.0,2015,0
51,13,R16,de Schalke 04,8.0,3.0,2.0,3.0,13.0,19.0,-6.0,11.0,2015,0
40,14,R16,ua Shakhtar,8.0,2.0,4.0,2.0,15.0,11.0,4.0,10.0,2015,0
88,15,R16,eng Manchester City,8.0,2.0,2.0,4.0,10.0,11.0,-1.0,8.0,2015,0
65,16,R16,ch Basel,8.0,2.0,2.0,4.0,8.0,13.0,-5.0,8.0,2015,0
69,17,GR,ru Zenit,10.0,5.0,1.0,4.0,11.0,7.0,4.0,16.0,2015,0
101,18,GR,si NK Maribor,12.0,3.0,6.0,3.0,11.0,16.0,-5.0,15.0,2015,0
100,19,GR,bg Ludogorets,12.0,3.0,4.0,5.0,13.0,18.0,-5.0,13.0,2015,0
99,20,GR,se Malmö,12.0,4.0,1.0,7.0,13.0,21.0,-8.0,13.0,2015,0
70,21,GR,by BATE Borisov,12.0,3.0,3.0,6.0,10.0,28.0,-18.0,12.0,2015,0
102,22,GR,es Athletic Club,8.0,3.0,2.0,3.0,9.0,8.0,1.0,11.0,2015,0
16,23,GR,gr Olympiacos,6.0,3.0,0.0,3.0,10.0,13.0,-3.0,9.0,2015,0
74,24,GR,cy APOEL FC,10.0,2.0,3.0,5.0,10.0,15.0,-5.0,9.0,2015,0
56,25,GR,pt Sporting CP,6.0,2.0,1.0,3.0,12.0,12.0,0.0,7.0,2015,0
4,26,GR,be Anderlecht,6.0,1.0,3.0,2.0,8.0,10.0,-2.0,6.0,2015,0
32,27,GR,nl Ajax,6.0,1.0,2.0,3.0,8.0,10.0,-2.0,5.0,2015,0
33,28,GR,eng Liverpool,6.0,1.0,2.0,3.0,5.0,9.0,-4.0,5.0,2015,0
49,29,GR,pt Benfica,6.0,1.0,2.0,3.0,2.0,6.0,-4.0,5.0,2015,0
35,30,GR,it Roma,6.0,1.0,2.0,3.0,8.0,14.0,-6.0,5.0,2015,0
43,31,GR,ru CSKA Moscow,6.0,1.0,2.0,3.0,6.0,13.0,-7.0,5.0,2015,0
15,32,GR,tr Galatasaray,6.0,0.0,1.0,5.0,4.0,19.0,-15.0,1.0,2015,0
21,1,W,es Real Madrid,13.0,9.0,3.0,1.0,28.0,6.0,22.0,30.0,2016,1
66,2,F,es Atlético Madrid,13.0,6.0,4.0,3.0,17.0,8.0,9.0,22.0,2016,0
2,3,SF,de Bayern Munich,12.0,8.0,2.0,2.0,30.0,11.0,19.0,26.0,2016,0
88,4,SF,eng Manchester City,12.0,6.0,3.0,3.0,18.0,12.0,6.0,21.0,2016,0
39,5,QF,es Barcelona,10.0,7.0,2.0,1.0,22.0,8.0,14.0,23.0,2016,0
72,6,QF,de Wolfsburg,10.0,7.0,0.0,3.0,15.0,11.0,4.0,21.0,2016,0
44,7,QF,fr Paris S-G,10.0,6.0,2.0,2.0,18.0,6.0,12.0,20.0,2016,0
49,8,QF,pt Benfica,10.0,5.0,2.0,3.0,15.0,12.0,3.0,17.0,2016,0
69,9,R16,ru Zenit,8.0,5.0,0.0,3.0,14.0,9.0,5.0,15.0,2016,0
25,10,R16,eng Chelsea,8.0,4.0,1.0,3.0,15.0,7.0,8.0,13.0,2016,0
8,11,R16,ua Dynamo Kyiv,8.0,3.0,3.0,2.0,9.0,7.0,2.0,12.0,2016,0
13,12,R16,it Juventus,8.0,3.0,3.0,2.0,10.0,9.0,1.0,12.0,2016,0
11,13,R16,nl PSV Eindhoven,8.0,3.0,3.0,2.0,8.0,7.0,1.0,12.0,2016,0
105,14,R16,be Gent,8.0,3.0,1.0,4.0,10.0,11.0,-1.0,10.0,2016,0
5,15,R16,eng Arsenal,8.0,3.0,0.0,5.0,13.0,15.0,-2.0,9.0,2016,0
35,16,R16,it Roma,8.0,1.0,3.0,4.0,11.0,20.0,-9.0,6.0,2016,0
70,17,GR,by BATE Borisov,12.0,4.0,4.0,4.0,11.0,16.0,-5.0,16.0,2016,0
103,18,GR,kz FC Astana,12.0,3.0,6.0,3.0,14.0,17.0,-3.0,15.0,2016,0
91,19,GR,hr Dinamo Zagreb,12.0,4.0,3.0,5.0,17.0,21.0,-4.0,15.0,2016,0
17,20,GR,eng Manchester Utd,8.0,4.0,2.0,2.0,14.0,8.0,6.0,14.0,2016,0
99,21,GR,se Malmö,12.0,4.0,1.0,7.0,9.0,26.0,-17.0,13.0,2016,0
43,22,GR,ru CSKA Moscow,10.0,3.0,2.0,5.0,14.0,16.0,-2.0,11.0,2016,0
40,23,GR,ua Shakhtar,10.0,3.0,2.0,5.0,13.0,16.0,-3.0,11.0,2016,0
22,24,GR,pt Porto,6.0,3.0,1.0,2.0,9.0,8.0,1.0,10.0,2016,0
34,25,GR,de Leverkusen,8.0,2.0,3.0,3.0,16.0,13.0,3.0,9.0,2016,0
42,26,GR,es Valencia,8.0,3.0,0.0,5.0,9.0,12.0,-3.0,9.0,2016,0
16,27,GR,gr Olympiacos,6.0,3.0,0.0,3.0,6.0,13.0,-7.0,9.0,2016,0
36,28,GR,il Maccabi Tel Aviv,12.0,2.0,2.0,8.0,13.0,24.0,-11.0,8.0,2016,0
61,29,GR,es Sevilla,6.0,2.0,0.0,4.0,8.0,11.0,-3.0,6.0,2016,0
104,30,GR,de M'Gladbach,6.0,1.0,2.0,3.0,8.0,12.0,-4.0,5.0,2016,0
15,31,GR,tr Galatasaray,6.0,1.0,2.0,3.0,6.0,10.0,-4.0,5.0,2016,0
1,32,GR,fr Lyon,6.0,1.0,1.0,4.0,5.0,9.0,-4.0,4.0,2016,0
21,1,W,es Real Madrid,13.0,9.0,3.0,1.0,35.0,18.0,17.0,30.0,2017,1
13,2,F,it Juventus,13.0,9.0,3.0,1.0,22.0,6.0,16.0,30.0,2017,0
66,3,SF,es Atlético Madrid,12.0,9.0,1.0,2.0,18.0,10.0,8.0,28.0,2017,0
9,4,SF,fr Monaco,12.0,5.0,3.0,4.0,19.0,19.0,0.0,18.0,2017,0
39,5,QF,es Barcelona,10.0,6.0,1.0,3.0,26.0,12.0,14.0,19.0,2017,0
2,6,QF,de Bayern Munich,10.0,6.0,0.0,4.0,27.0,14.0,13.0,18.0,2017,0
93,7,QF,de Dortmund,10.0,5.0,2.0,3.0,28.0,16.0,12.0,17.0,2017,0
108,8,QF,eng Leicester City,10.0,5.0,2.0,3.0,11.0,10.0,1.0,17.0,2017,0
44,9,R16,fr Paris S-G,8.0,4.0,3.0,1.0,18.0,13.0,5.0,15.0,2017,0
5,10,R16,eng Arsenal,8.0,4.0,2.0,2.0,20.0,16.0,4.0,14.0,2017,0
61,11,R16,es Sevilla,8.0,4.0,2.0,2.0,9.0,6.0,3.0,14.0,2017,0
88,12,R16,eng Manchester City,8.0,3.0,4.0,1.0,17.0,13.0,4.0,13.0,2017,0
22,13,R16,pt Porto,8.0,3.0,2.0,3.0,9.0,6.0,3.0,11.0,2017,0
87,14,R16,it Napoli,8.0,3.0,2.0,3.0,13.0,14.0,-1.0,11.0,2017,0
49,15,R16,pt Benfica,8.0,3.0,2.0,3.0,11.0,14.0,-3.0,11.0,2017,0
34,16,R16,de Leverkusen,8.0,2.0,4.0,2.0,11.0,11.0,0.0,10.0,2017,0
59,17,GR,dk FC Copenhagen,6.0,2.0,3.0,1.0,7.0,2.0,5.0,9.0,2017,0
1,18,GR,fr Lyon,6.0,2.0,2.0,2.0,5.0,3.0,2.0,8.0,2017,0
80,19,GR,eng Tottenham,6.0,2.0,1.0,3.0,6.0,6.0,0.0,7.0,2017,0
27,20,GR,tr Beşiktaş,6.0,1.0,4.0,1.0,9.0,14.0,-5.0,7.0,2017,0
8,21,GR,ua Dynamo Kyiv,6.0,1.0,2.0,3.0,8.0,6.0,2.0,5.0,2017,0
106,22,GR,ru Rostov,6.0,1.0,2.0,3.0,6.0,12.0,-6.0,5.0,2017,0
104,23,GR,de M'Gladbach,6.0,1.0,2.0,3.0,5.0,12.0,-7.0,5.0,2017,0
107,24,GR,pl Legia Warsaw,6.0,1.0,1.0,4.0,9.0,24.0,-15.0,4.0,2017,0
56,25,GR,pt Sporting CP,6.0,1.0,0.0,5.0,5.0,8.0,-3.0,3.0,2017,0
43,26,GR,ru CSKA Moscow,6.0,0.0,3.0,3.0,5.0,11.0,-6.0,3.0,2017,0
100,27,GR,bg Ludogorets,6.0,0.0,3.0,3.0,6.0,15.0,-9.0,3.0,2017,0
3,28,GR,sct Celtic,6.0,0.0,3.0,3.0,5.0,16.0,-11.0,3.0,2017,0
11,29,GR,nl PSV Eindhoven,6.0,0.0,2.0,4.0,4.0,11.0,-7.0,2.0,2017,0
65,30,GR,ch Basel,6.0,0.0,2.0,4.0,3.0,12.0,-9.0,2.0,2017,0
31,31,GR,be Club Brugge,6.0,0.0,0.0,6.0,2.0,14.0,-12.0,0.0,2017,0
91,32,GR,hr Dinamo Zagreb,6.0,0.0,0.0,6.0,0.0,15.0,-15.0,0.0,2017,0
21,1,W,es Real Madrid,13.0,9.0,2.0,2.0,33.0,16.0,17.0,29.0,2018,1
33,2,F,eng Liverpool,13.0,7.0,4.0,2.0,41.0,16.0,25.0,25.0,2018,0
2,3,SF,de Bayern Munich,12.0,8.0,2.0,2.0,26.0,12.0,14.0,26.0,2018,0
35,4,SF,it Roma,12.0,6.0,2.0,4.0,21.0,19.0,2.0,20.0,2018,0
39,5,QF,es Barcelona,10.0,6.0,3.0,1.0,17.0,6.0,11.0,21.0,2018,0
88,6,QF,eng Manchester City,10.0,6.0,0.0,4.0,20.0,12.0,8.0,18.0,2018,0
13,7,QF,it Juventus,10.0,5.0,3.0,2.0,14.0,12.0,2.0,18.0,2018,0
61,8,QF,es Sevilla,10.0,3.0,5.0,2.0,15.0,15.0,0.0,14.0,2018,0
80,9,R16,eng Tottenham,8.0,5.0,2.0,1.0,18.0,8.0,10.0,17.0,2018,0
17,10,R16,eng Manchester Utd,8.0,5.0,1.0,2.0,13.0,5.0,8.0,16.0,2018,0
44,11,R16,fr Paris S-G,8.0,5.0,0.0,3.0,27.0,9.0,18.0,15.0,2018,0
65,12,R16,ch Basel,8.0,5.0,0.0,3.0,13.0,10.0,3.0,15.0,2018,0
40,13,R16,ua Shakhtar,8.0,5.0,0.0,3.0,11.0,11.0,0.0,15.0,2018,0
27,14,R16,tr Beşiktaş,8.0,4.0,2.0,2.0,12.0,13.0,-1.0,14.0,2018,0
25,15,R16,eng Chelsea,8.0,3.0,3.0,2.0,17.0,12.0,5.0,12.0,2018,0
22,16,R16,pt Porto,8.0,3.0,2.0,3.0,15.0,15.0,0.0,11.0,2018,0
43,17,GR,ru CSKA Moscow,6.0,3.0,0.0,3.0,8.0,10.0,-2.0,9.0,2018,0
66,18,GR,es Atlético Madrid,6.0,1.0,4.0,1.0,5.0,4.0,1.0,7.0,2018,0
111,19,GR,de RB Leipzig,6.0,2.0,1.0,3.0,10.0,11.0,-1.0,7.0,2018,0
56,20,GR,pt Sporting CP,6.0,2.0,1.0,3.0,8.0,9.0,-1.0,7.0,2018,0
87,21,GR,it Napoli,6.0,2.0,0.0,4.0,11.0,11.0,0.0,6.0,2018,0
55,22,GR,ru Spartak Moscow,6.0,1.0,3.0,2.0,9.0,13.0,-4.0,6.0,2018,0
110,23,GR,nl Feyenoord,6.0,1.0,0.0,5.0,5.0,14.0,-9.0,3.0,2018,0
3,24,GR,sct Celtic,6.0,1.0,0.0,5.0,5.0,18.0,-13.0,3.0,2018,0
101,25,GR,si NK Maribor,6.0,0.0,3.0,3.0,3.0,16.0,-13.0,3.0,2018,0
4,26,GR,be Anderlecht,6.0,1.0,0.0,5.0,2.0,17.0,-15.0,3.0,2018,0
93,27,GR,de Dortmund,6.0,0.0,2.0,4.0,7.0,13.0,-6.0,2.0,2018,0
9,28,GR,fr Monaco,6.0,0.0,2.0,4.0,6.0,16.0,-10.0,2.0,2018,0
109,29,GR,az Qarabağ FK,6.0,0.0,2.0,4.0,2.0,14.0,-12.0,2.0,2018,0
74,30,GR,cy APOEL FC,6.0,0.0,2.0,4.0,2.0,17.0,-15.0,2.0,2018,0
16,31,GR,gr Olympiacos,6.0,0.0,1.0,5.0,4.0,13.0,-9.0,1.0,2018,0
49,32,GR,pt Benfica,6.0,0.0,0.0,6.0,1.0,14.0,-13.0,0.0,2018,0
33,1,W,eng Liverpool,13.0,8.0,1.0,4.0,24.0,12.0,12.0,25.0,2019,1
80,2,F,eng Tottenham,13.0,6.0,2.0,5.0,20.0,19.0,1.0,20.0,2019,0
39,3,SF,es Barcelona,12.0,8.0,3.0,1.0,26.0,10.0,16.0,27.0,2019,0
32,4,SF,nl Ajax,12.0,6.0,4.0,2.0,22.0,13.0,9.0,22.0,2019,0
88,5,QF,eng Manchester City,10.0,7.0,1.0,2.0,30.0,12.0,18.0,22.0,2019,0
22,6,QF,pt Porto,10.0,6.0,1.0,3.0,20.0,15.0,5.0,19.0,2019,0
13,7,QF,it Juventus,10.0,5.0,1.0,4.0,14.0,9.0,5.0,16.0,2019,0
17,8,QF,eng Manchester Utd,10.0,4.0,1.0,5.0,10.0,11.0,-1.0,13.0,2019,0
66,9,R16,es Atlético Madrid,8.0,5.0,1.0,2.0,11.0,9.0,2.0,16.0,2019,0
2,10,R16,de Bayern Munich,8.0,4.0,3.0,1.0,16.0,8.0,8.0,15.0,2019,0
21,11,R16,es Real Madrid,8.0,5.0,0.0,3.0,15.0,10.0,5.0,15.0,2019,0
44,12,R16,fr Paris S-G,8.0,4.0,2.0,2.0,20.0,12.0,8.0,14.0,2019,0
93,13,R16,de Dortmund,8.0,4.0,1.0,3.0,10.0,6.0,4.0,13.0,2019,0
35,14,R16,it Roma,8.0,4.0,0.0,4.0,14.0,12.0,2.0,12.0,2019,0
51,15,R16,de Schalke 04,8.0,3.0,2.0,3.0,8.0,14.0,-6.0,11.0,2019,0
1,16,R16,fr Lyon,8.0,1.0,6.0,1.0,13.0,16.0,-3.0,9.0,2019,0
87,17,GR,it Napoli,6.0,2.0,3.0,1.0,7.0,5.0,2.0,9.0,2019,0
42,18,GR,es Valencia,6.0,2.0,2.0,2.0,6.0,6.0,0.0,8.0,2019,0
7,19,GR,it Inter,6.0,2.0,2.0,2.0,6.0,7.0,-1.0,8.0,2019,0
43,20,GR,ru CSKA Moscow,6.0,2.0,1.0,3.0,8.0,9.0,-1.0,7.0,2019,0
49,21,GR,pt Benfica,6.0,2.0,1.0,3.0,6.0,11.0,-5.0,7.0,2019,0
94,22,GR,cz Viktoria Plzeň,6.0,2.0,1.0,3.0,7.0,16.0,-9.0,7.0,2019,0
31,23,GR,be Club Brugge,6.0,1.0,3.0,2.0,6.0,5.0,1.0,6.0,2019,0
40,24,GR,ua Shakhtar,6.0,1.0,3.0,2.0,8.0,16.0,-8.0,6.0,2019,0
15,25,GR,tr Galatasaray,6.0,1.0,1.0,4.0,5.0,8.0,-3.0,4.0,2019,0
114,26,GR,ch Young Boys,6.0,1.0,1.0,4.0,4.0,12.0,-8.0,4.0,2019,0
112,27,GR,rs Red Star,6.0,1.0,1.0,4.0,5.0,17.0,-12.0,4.0,2019,0
113,28,GR,de Hoffenheim,6.0,0.0,3.0,3.0,11.0,14.0,-3.0,3.0,2019,0
6,29,GR,ru Loko Moscow,6.0,1.0,0.0,5.0,4.0,12.0,-8.0,3.0,2019,0
11,30,GR,nl PSV Eindhoven,6.0,0.0,2.0,4.0,6.0,13.0,-7.0,2.0,2019,0
9,31,GR,fr Monaco,6.0,0.0,1.0,5.0,2.0,14.0,-12.0,1.0,2019,0
12,32,GR,gr AEK Athens,6.0,0.0,0.0,6.0,2.0,13.0,-11.0,0.0,2019,0
2,1,W,de Bayern Munich,11.0,11.0,0.0,0.0,43.0,8.0,35.0,33.0,2020,1
44,2,F,fr Paris S-G,11.0,8.0,1.0,2.0,25.0,6.0,19.0,25.0,2020,0
111,3,SF,de RB Leipzig,10.0,6.0,2.0,2.0,16.0,12.0,4.0,20.0,2020,0
1,4,SF,fr Lyon,10.0,4.0,2.0,4.0,14.0,14.0,0.0,14.0,2020,0
88,5,QF,eng Manchester City,9.0,6.0,2.0,1.0,21.0,9.0,12.0,20.0,2020,0
39,6,QF,es Barcelona,9.0,5.0,3.0,1.0,15.0,14.0,1.0,18.0,2020,0
66,7,QF,es Atlético Madrid,9.0,5.0,1.0,3.0,13.0,9.0,4.0,16.0,2020,0
115,8,QF,it Atalanta,9.0,4.0,1.0,4.0,17.0,18.0,-1.0,13.0,2020,0
13,9,R16,it Juventus,8.0,6.0,1.0,1.0,14.0,6.0,8.0,19.0,2020,0
87,10,R16,it Napoli,8.0,3.0,4.0,1.0,13.0,8.0,5.0,13.0,2020,0
33,11,R16,eng Liverpool,8.0,4.0,1.0,3.0,15.0,12.0,3.0,13.0,2020,0
93,12,R16,de Dortmund,8.0,4.0,1.0,3.0,10.0,11.0,-1.0,13.0,2020,0
21,13,R16,es Real Madrid,8.0,3.0,2.0,3.0,16.0,12.0,4.0,11.0,2020,0
42,14,R16,es Valencia,8.0,3.0,2.0,3.0,13.0,15.0,-2.0,11.0,2020,0
25,15,R16,eng Chelsea,8.0,3.0,2.0,3.0,12.0,16.0,-4.0,11.0,2020,0
80,16,R16,eng Tottenham,8.0,3.0,1.0,4.0,18.0,18.0,0.0,10.0,2020,0
32,17,GR,nl Ajax,6.0,3.0,1.0,2.0,12.0,6.0,6.0,10.0,2020,0
116,18,GR,at RB Salzburg,6.0,2.0,1.0,3.0,16.0,13.0,3.0,7.0,2020,0
7,19,GR,it Inter,6.0,2.0,1.0,3.0,10.0,9.0,1.0,7.0,2020,0
49,20,GR,pt Benfica,6.0,2.0,1.0,3.0,10.0,11.0,-1.0,7.0,2020,0
69,21,GR,ru Zenit,6.0,2.0,1.0,3.0,7.0,9.0,-2.0,7.0,2020,0
34,22,GR,de Leverkusen,6.0,2.0,0.0,4.0,5.0,9.0,-4.0,6.0,2020,0
40,23,GR,ua Shakhtar,6.0,1.0,3.0,2.0,8.0,13.0,-5.0,6.0,2020,0
91,24,GR,hr Dinamo Zagreb,6.0,1.0,2.0,3.0,10.0,13.0,-3.0,5.0,2020,0
16,25,GR,gr Olympiacos,6.0,1.0,1.0,4.0,8.0,14.0,-6.0,4.0,2020,0
6,26,GR,ru Loko Moscow,6.0,1.0,0.0,5.0,4.0,11.0,-7.0,3.0,2020,0
31,27,GR,be Club Brugge,6.0,0.0,3.0,3.0,4.0,12.0,-8.0,3.0,2020,0
112,28,GR,rs Red Star,6.0,1.0,0.0,5.0,3.0,20.0,-17.0,3.0,2020,0
62,29,GR,cz Slavia Prague,6.0,0.0,2.0,4.0,4.0,10.0,-6.0,2.0,2020,0
15,30,GR,tr Galatasaray,6.0,0.0,2.0,4.0,1.0,14.0,-13.0,2.0,2020,0
50,31,GR,fr Lille,6.0,0.0,1.0,5.0,4.0,14.0,-10.0,1.0,2020,0
92,32,GR,be Genk,6.0,0.0,1.0,5.0,5.0,20.0,-15.0,1.0,2020,0
25,1,W,eng Chelsea,13.0,9.0,3.0,1.0,23.0,4.0,19.0,30.0,2021,1
88,2,F,eng Manchester City,13.0,11.0,1.0,1.0,25.0,5.0,20.0,34.0,2021,0
21,3,SF,es Real Madrid,12.0,6.0,3.0,3.0,19.0,14.0,5.0,21.0,2021,0
44,4,SF,fr Paris S-G,12.0,6.0,1.0,5.0,22.0,15.0,7.0,19.0,2021,0
2,5,QF,de Bayern Munich,10.0,8.0,1.0,1.0,27.0,10.0,17.0,25.0,2021,0
33,6,QF,eng Liverpool,10.0,6.0,2.0,2.0,15.0,6.0,9.0,20.0,2021,0
22,7,QF,pt Porto,10.0,6.0,1.0,3.0,15.0,9.0,6.0,19.0,2021,0
93,8,QF,de Dortmund,10.0,5.0,2.0,3.0,19.0,13.0,6.0,17.0,2021,0
13,9,R16,it Juventus,8.0,6.0,0.0,2.0,18.0,8.0,10.0,18.0,2021,0
39,10,R16,es Barcelona,8.0,5.0,1.0,2.0,18.0,10.0,8.0,16.0,2021,0
61,11,R16,es Sevilla,8.0,4.0,2.0,2.0,13.0,13.0,0.0,14.0,2021,0
111,12,R16,de RB Leipzig,8.0,4.0,0.0,4.0,11.0,16.0,-5.0,12.0,2021,0
115,13,R16,it Atalanta,8.0,3.0,2.0,3.0,11.0,12.0,-1.0,11.0,2021,0
28,14,R16,it Lazio,8.0,2.0,4.0,2.0,13.0,13.0,0.0,10.0,2021,0
66,15,R16,es Atlético Madrid,8.0,2.0,3.0,3.0,7.0,11.0,-4.0,9.0,2021,0
104,16,R16,de M'Gladbach,8.0,2.0,2.0,4.0,16.0,13.0,3.0,8.0,2021,0
17,17,GR,eng Manchester Utd,6.0,3.0,0.0,3.0,15.0,10.0,5.0,9.0,2021,0
31,18,GR,be Club Brugge,6.0,2.0,2.0,2.0,8.0,10.0,-2.0,8.0,2021,0
40,19,GR,ua Shakhtar,6.0,2.0,2.0,2.0,5.0,12.0,-7.0,8.0,2021,0
32,20,GR,nl Ajax,6.0,2.0,1.0,3.0,7.0,7.0,0.0,7.0,2021,0
7,21,GR,it Inter,6.0,1.0,3.0,2.0,7.0,9.0,-2.0,6.0,2021,0
118,22,GR,ru Krasnodar,6.0,1.0,2.0,3.0,6.0,11.0,-5.0,5.0,2021,0
116,23,GR,at RB Salzburg,6.0,1.0,1.0,4.0,10.0,17.0,-7.0,4.0,2021,0
8,24,GR,ua Dynamo Kyiv,6.0,1.0,1.0,4.0,4.0,13.0,-9.0,4.0,2021,0
6,25,GR,ru Loko Moscow,6.0,0.0,3.0,3.0,5.0,10.0,-5.0,3.0,2021,0
16,26,GR,gr Olympiacos,6.0,1.0,0.0,5.0,2.0,10.0,-8.0,3.0,2021,0
121,27,GR,tr Başakşehir,6.0,1.0,0.0,5.0,7.0,18.0,-11.0,3.0,2021,0
23,28,GR,fr Marseille,6.0,1.0,0.0,5.0,2.0,13.0,-11.0,3.0,2021,0
117,29,GR,dk Midtjylland,6.0,0.0,2.0,4.0,4.0,13.0,-9.0,2.0,2021,0
119,30,GR,fr Rennes,6.0,0.0,1.0,5.0,3.0,11.0,-8.0,1.0,2021,0
69,31,GR,ru Zenit,6.0,0.0,1.0,5.0,4.0,13.0,-9.0,1.0,2021,0
120,32,GR,hu Ferencváros,6.0,0.0,1.0,5.0,5.0,17.0,-12.0,1.0,2021,0
21,1,1,es Real Madrid,13.0,9.0,0.0,4.0,29.0,14.0,15.0,27.0,2022,1
33,2,2,eng Liverpool,13.0,10.0,1.0,2.0,30.0,14.0,16.0,31.0,2022,0
88,3,SF,eng Manchester City,12.0,7.0,2.0,3.0,29.0,16.0,13.0,23.0,2022,0
48,4,SF,es Villarreal,12.0,5.0,3.0,4.0,20.0,16.0,4.0,18.0,2022,0
2,5,QF,de Bayern Munich,10.0,7.0,2.0,1.0,31.0,7.0,24.0,23.0,2022,0
25,6,QF,eng Chelsea,10.0,7.0,1.0,2.0,21.0,10.0,11.0,22.0,2022,0
49,7,QF,pt Benfica,10.0,3.0,4.0,3.0,14.0,17.0,-3.0,13.0,2022,0
66,8,QF,es Atlético Madrid,10.0,3.0,3.0,4.0,9.0,10.0,-1.0,12.0,2022,0
32,9,R16,nl Ajax,8.0,6.0,1.0,1.0,22.0,8.0,14.0,19.0,2022,0
13,10,R16,it Juventus,8.0,5.0,1.0,2.0,11.0,10.0,1.0,16.0,2022,0
44,11,R16,fr Paris S-G,8.0,4.0,2.0,2.0,15.0,11.0,4.0,14.0,2022,0
7,12,R16,it Inter,8.0,4.0,1.0,3.0,9.0,7.0,2.0,13.0,2022,0
17,13,R16,eng Manchester Utd,8.0,3.0,3.0,2.0,12.0,10.0,2.0,12.0,2022,0
50,14,R16,fr Lille,8.0,3.0,2.0,3.0,8.0,8.0,0.0,11.0,2022,0
116,15,R16,at RB Salzburg,8.0,3.0,2.0,3.0,10.0,14.0,-4.0,11.0,2022,0
56,16,R16,pt Sporting CP,8.0,3.0,1.0,4.0,14.0,17.0,-3.0,10.0,2022,0
93,17,GR,de Dortmund,6.0,3.0,0.0,3.0,10.0,11.0,-1.0,9.0,2022,0
111,18,GR,de RB Leipzig,6.0,2.0,1.0,3.0,15.0,14.0,1.0,7.0,2022,0
122,19,GR,md Sheriff Tiraspol,6.0,2.0,1.0,3.0,7.0,11.0,-4.0,7.0,2022,0
39,20,GR,es Barcelona,6.0,2.0,1.0,3.0,2.0,9.0,-7.0,7.0,2022,0
61,21,GR,es Sevilla,6.0,1.0,3.0,2.0,5.0,5.0,0.0,6.0,2022,0
115,22,GR,it Atalanta,6.0,1.0,3.0,2.0,12.0,13.0,-1.0,6.0,2022,0
69,23,GR,ru Zenit,6.0,1.0,2.0,3.0,10.0,10.0,0.0,5.0,2022,0
114,24,GR,ch Young Boys,6.0,1.0,2.0,3.0,7.0,12.0,-5.0,5.0,2022,0
72,25,GR,de Wolfsburg,6.0,1.0,2.0,3.0,5.0,10.0,-5.0,5.0,2022,0
22,26,GR,pt Porto,6.0,1.0,2.0,3.0,4.0,11.0,-7.0,5.0,2022,0
29,27,GR,it Milan,6.0,1.0,1.0,4.0,6.0,9.0,-3.0,4.0,2022,0
31,28,GR,be Club Brugge,6.0,1.0,1.0,4.0,6.0,20.0,-14.0,4.0,2022,0
40,29,GR,ua Shakhtar,6.0,0.0,2.0,4.0,2.0,12.0,-10.0,2.0,2022,0
8,30,GR,ua Dynamo Kyiv,6.0,0.0,1.0,5.0,1.0,11.0,-10.0,1.0,2022,0
99,31,GR,se Malmö,6.0,0.0,1.0,5.0,1.0,14.0,-13.0,1.0,2022,0
27,32,GR,tr Beşiktaş,6.0,0.0,0.0,6.0,3.0,19.0,-16.0,0.0,2022,0
88,1,1,eng Manchester City,13.0,8.0,5.0,0.0,32.0,5.0,27.0,29.0,2023,1
7,2,2,it Inter,13.0,7.0,3.0,3.0,19.0,11.0,8.0,24.0,2023,0
21,3,SF,es Real Madrid,12.0,8.0,2.0,2.0,26.0,13.0,13.0,26.0,2023,0
29,4,SF,it Milan,12.0,5.0,3.0,4.0,15.0,11.0,4.0,18.0,2023,0
2,5,QF,de Bayern Munich,10.0,8.0,1.0,1.0,22.0,6.0,16.0,25.0,2023,0
87,6,QF,it Napoli,10.0,7.0,1.0,2.0,26.0,8.0,18.0,22.0,2023,0
49,7,QF,pt Benfica,10.0,6.0,3.0,1.0,26.0,13.0,13.0,21.0,2023,0
25,8,QF,eng Chelsea,10.0,5.0,1.0,4.0,12.0,9.0,3.0,16.0,2023,0
33,9,R16,eng Liverpool,8.0,5.0,0.0,3.0,19.0,12.0,7.0,15.0,2023,0
44,10,R16,fr Paris S-G,8.0,4.0,2.0,2.0,16.0,10.0,6.0,14.0,2023,0
22,11,R16,pt Porto,8.0,4.0,1.0,3.0,12.0,8.0,4.0,13.0,2023,0
111,12,R16,de RB Leipzig,8.0,4.0,1.0,3.0,14.0,17.0,-3.0,13.0,2023,0
93,13,R16,de Dortmund,8.0,3.0,3.0,2.0,11.0,7.0,4.0,12.0,2023,0
80,14,R16,eng Tottenham,8.0,3.0,3.0,2.0,8.0,7.0,1.0,12.0,2023,0
31,15,R16,be Club Brugge,8.0,3.0,2.0,3.0,8.0,11.0,-3.0,11.0,2023,0
123,16,R16,de Eint Frankfurt,8.0,3.0,1.0,4.0,7.0,13.0,-6.0,10.0,2023,0
39,17,GR,es Barcelona,6.0,2.0,1.0,3.0,12.0,12.0,0.0,7.0,2023,0
56,18,GR,pt Sporting CP,6.0,2.0,1.0,3.0,8.0,9.0,-1.0,7.0,2023,0
23,19,GR,fr Marseille,6.0,2.0,0.0,4.0,8.0,8.0,0.0,6.0,2023,0
40,20,GR,ua Shakhtar,6.0,1.0,3.0,2.0,8.0,10.0,-2.0,6.0,2023,0
116,21,GR,at RB Salzburg,6.0,1.0,3.0,2.0,5.0,9.0,-4.0,6.0,2023,0
32,22,GR,nl Ajax,6.0,2.0,0.0,4.0,11.0,16.0,-5.0,6.0,2023,0
66,23,GR,es Atlético Madrid,6.0,1.0,2.0,3.0,5.0,9.0,-4.0,5.0,2023,0
34,24,GR,de Leverkusen,6.0,1.0,2.0,3.0,4.0,8.0,-4.0,5.0,2023,0
61,25,GR,es Sevilla,6.0,1.0,2.0,3.0,6.0,12.0,-6.0,5.0,2023,0
91,26,GR,hr Dinamo Zagreb,6.0,1.0,1.0,4.0,4.0,11.0,-7.0,4.0,2023,0
13,27,GR,it Juventus,6.0,1.0,0.0,5.0,9.0,13.0,-4.0,3.0,2023,0
59,28,GR,dk FC Copenhagen,6.0,0.0,3.0,3.0,1.0,12.0,-11.0,3.0,2023,0
71,29,GR,il Maccabi Haifa,6.0,1.0,0.0,5.0,7.0,21.0,-14.0,3.0,2023,0
3,30,GR,sct Celtic,6.0,0.0,2.0,4.0,4.0,15.0,-11.0,2.0,2023,0
94,31,GR,cz Viktoria Plzeň,6.0,0.0,0.0,6.0,5.0,24.0,-19.0,0.0,2023,0
20,32,GR,sct Rangers,6.0,0.0,0.0,6.0,2.0,22.0,-20.0,0.0,2023,0
